context,question,answer
"The user is working with PyTorch Lightning and wants to log their ML experiments using Weights & Biases (W&B). They have successfully installed PyTorch Lightning and the `wandb` library, and they have logged in to their W&B account. Now they want to know how to set up the `WandbLogger` in their training script.
","How can I set up the `WandbLogger` in my training script using PyTorch Lightning?
","To set up the `WandbLogger` in your training script using PyTorch Lightning, you can follow these steps:

1. Import the `WandbLogger` class from the `pytorch_lightning.loggers` module.
2. Create an instance of the `WandbLogger` class, like this: `wandb_logger = WandbLogger()`.
3. Create an instance of the `Trainer` class from PyTorch Lightning with the `logger` parameter set to the `wandb_logger` instance, like this: `trainer = Trainer(logger=wandb_logger)`.

Here's an example code snippet:

```python
from pytorch_lightning.loggers import WandbLogger
from pytorch_lightning import Trainer

wandb_logger = WandbLogger()
trainer = Trainer(logger=wandb_logger)
```

This will set up the `WandbLogger` for logging your ML experiments using Weights & Biases."
"The user is trying to log their ML experiments using W&B in a PyTorch Lightning project. They have installed the necessary packages and are ready to set up the logging.
","How do I set up W&B logging in a PyTorch Lightning project?
","To set up W&B logging in a PyTorch Lightning project, you can use the `WandbLogger` provided by PyTorch Lightning. First, import the `WandbLogger` and `Trainer` classes from `pytorch_lightning.loggers` and `pytorch_lightning` respectively. Then, create an instance of `WandbLogger` and pass it as an argument to the `logger` parameter of the `Trainer` class. Here's an example code:

```python
from pytorch_lightning.loggers import WandbLogger
from pytorch_lightning import Trainer

wandb_logger = WandbLogger()
trainer = Trainer(logger=wandb_logger)
```

This will set up the W&B logging for your PyTorch Lightning project. You can now run your training by calling `trainer.fit(...)`.

Please note that before setting up the logging, you need to sign up for a free account on the Weights & Biases website and install the `wandb` library. You also need to login to your account using either the command line or a notebook cell. To log in using the command line, you can run `wandb login` after installing the `wandb` library. In a notebook, you can use the command `wandb.login()` after installing the `wandb` library."
"The user is using PyTorch Lightning and wants to log their ML experiments using Weights & Biases. They have already installed the necessary libraries and signed up for a Weights & Biases account. Now they are looking for the next steps to integrate Weights & Biases with PyTorch Lightning.
","How can I integrate Weights & Biases with PyTorch Lightning for logging my ML experiments?
","To integrate Weights & Biases with PyTorch Lightning, you can use the `WandbLogger` provided by PyTorch Lightning. Here are the steps:

1. Import the necessary libraries:
```python
from pytorch_lightning.loggers import WandbLogger
from pytorch_lightning import Trainer
```

2. Create an instance of the `WandbLogger`:
```python
wandb_logger = WandbLogger()
```

3. Pass the `wandb_logger` instance to the `logger` argument of the `Trainer`:
```python
trainer = Trainer(logger=wandb_logger)
```

With these steps, your ML experiments will be logged using Weights & Biases. You can then access the logged information in your Weights & Biases dashboard. Note that for this integration, you need to have the `wandb` library installed and be signed in to your Weights & Biases account.

Hope this helps! Let me know if you have any further questions."
"The user is using PyTorch Lightning for their machine learning experiments and wants to incorporate Weights & Biases for experiment tracking and visualization. They are aware that PyTorch Lightning provides a built-in integration with Weights & Biases through the `WandbLogger`, but they are unsure about the steps required to set it up and start logging their experiments.
","How can I use the `WandbLogger` in PyTorch Lightning to log my machine learning experiments?
","To use the `WandbLogger` in PyTorch Lightning and start logging your machine learning experiments, you need to follow these steps:
1. Install the `wandb` library by running `pip install wandb`.
2. Sign up [here](https://wandb.ai/site) for a free Weights & Biases account if you don't have one.
3. Log in to your Weights & Biases account at [www.wandb.ai](www.wandb.ai) and find your API key on the [Authorize page](https://wandb.ai/authorize).
4. In your training script, import the `WandbLogger` from `pytorch_lightning.loggers` and create an instance of it: `wandb_logger = WandbLogger()`.
5. Create an instance of the `Trainer` from `pytorch_lightning.Trainer` and pass the `wandb_logger` as the `logger` argument: `trainer = Trainer(logger=wandb_logger)`.

By following these steps, the `WandbLogger` will be incorporated into your PyTorch Lightning training process, and all your experiment logs, metrics, and visualizations will be automatically logged to your Weights & Biases account."
"The user is trying to find a way to incorporate Weights & Biases (W&B) logging into their PyTorch code. They have heard about the integration between W&B and PyTorch Lightning and are looking for a way to easily log their ML experiments.
","How can I integrate W&B logging into my PyTorch code using PyTorch Lightning?
","To integrate Weights & Biases logging into your PyTorch code using PyTorch Lightning, you can use the `WandbLogger` provided by PyTorch Lightning. This lightweight wrapper allows you to easily log your ML experiments with W&B. Here is how you can do it in just two lines of code:

```python
from pytorch_lightning.loggers import WandbLogger
from pytorch_lightning import Trainer

wandb_logger = WandbLogger()
trainer = Trainer(logger=wandb_logger)
```

By creating a `WandbLogger` instance and passing it as the `logger` argument to the `Trainer`, you'll be able to log your PyTorch experiments with W&B. 

For more details, you can refer to the documentation [here](https://pytorch-lightning.readthedocs.io/en/stable/extensions/generated/pytorch\_lightning.loggers.WandbLogger.html#pytorch\_lightning.loggers.WandbLogger)."
"The user is working on model development and wants to understand how artifacts can help visualize and trace the flow of data through their scripts. They are interested in exploring the connections between their code and data, iterating confidently, and sharing their workflow easily.
","How can I use artifacts in Weights & Biases to visualize and trace the flow of data through my model development scripts?
","In Weights & Biases, artifacts provide a way to see and formalize the flow of data in your model development scripts. This includes preprocessing, training, testing, analysis, and any other job type. You can choose meaningful organizational types for your artifacts and jobs, such as `train`, `val`, or `test`. With artifacts, you can explore the artifact graph to interact with all the connections between your code and data. By clicking on individual nodes, you can see further details such as file contents or code, annotations/metadata, config, timestamp, parent/child nodes, and more. This allows you to iterate confidently as all your experimental script runs and data will be saved and versioned automatically. You can also share and replicate your workflow easily with teammates, ensuring consistent training across different contexts and hardware. By integrating artifacts, you can focus on your modeling task without worrying about keeping track of dataset or code versions."
"The user is working on a machine learning project and wants to understand how to visualize and share their data workflow using Weights & Biases (W&B). They have read about the concept of artifacts in the documentation and want to know more about the features and capabilities of artifacts.
","How can artifacts help me visualize and share my data workflow in Weights & Biases?
","Artifacts in Weights & Biases allow you to visualize and formalize the flow of data through your model development scripts. You can assign meaningful organizational types such as `train`, `val`, or `test` to your artifacts and jobs. By exploring the artifact graph, you can see all the connections between your code and data, including input artifacts, scripts or jobs, and output artifacts. You can also click on individual nodes to see further details such as file contents or code, annotations/metadata, config, timestamp, and parent/child nodes. Artifacts help you iterate confidently by automatically saving and versioning all your experimental script runs and data. Moreover, you can easily share and replicate your workflow with your teammates, allowing them to rerun the same workflow and pull from identical datasets. The documentation provides an interactive example to help you understand how to use artifacts effectively. [Interactive example →](https://wandb.ai/wandb/arttest/artifacts/model/iv3\_trained/5334ab69740f9dda4fed/graph)"
"The user is working on a machine learning project and wants to easily visualize and share the flow of data through their model development scripts. They want to explore the connections between their code and data, iterate confidently, and share their workflow with teammates.
","How can I visualize and share the flow of data through my model development scripts using Weights & Biases?
","You can visualize and share the flow of data through your model development scripts using Weights & Biases by utilizing artifacts. Artifacts allow you to formalize and track the flow of data, whether it's for preprocessing, training, testing, analysis, or any other job type. You can choose meaningful organizational types for your artifacts and jobs, such as `train`, `val`, or `test` for data, or `preprocess`, `train`, `evaluate`, etc. for scripts. By exploring the artifact graph, you can interact with all the connections between your code and data, including input artifacts, scripts or jobs, and output artifacts. You can click on individual nodes to see further details, such as file contents, annotations/metadata, configuration, timestamp, parent/child nodes, etc. This allows you to iterate confidently as all your experimental script runs and data will be saved and versioned automatically, so you don't have to worry about where and when you saved specific versions of your dataset or code. Additionally, you can easily share and replicate your workflow with teammates, ensuring everyone has access to the same datasets and workflow configurations.

[Interactive example →](https://wandb.ai/wandb/arttest/artifacts/model/iv3\_trained/5334ab69740f9dda4fed/graph)"
"The user is working on a machine learning project and has integrated Weights & Biases into their workflow. They have created multiple versions of their dataset and would like to visualize and explore the relationships between these datasets.
","How can I visualize the relationships between the different versions of my datasets in Weights & Biases?
","In Weights & Biases, you can easily visualize and explore the relationships between different versions of your datasets using the artifact graph. The artifact graph shows the flow of data through your model development scripts, allowing you to see how the data is transformed and used in your workflow. You can interact with the graph to view all the connections between your code and data, click on individual nodes to see further details such as file contents or code, annotations/metadata, config, timestamp, and parent/child nodes. This allows you to easily explore and understand the relationships between your datasets and iterate confidently in your modeling tasks."
"The user is working on a machine learning project and wants to understand how Weights & Biases (W&B) can help them visualize and share their data workflow. They are interested in exploring the artifact graph and iterating confidently with versioned data.
","How can I visualize and explore the connections between my code and data in Weights & Biases?
","In Weights & Biases, you can visualize and explore the connections between your code and data by using the artifact graph. The artifact graph allows you to see the flow of data through your model development scripts. You can choose meaningful organizational types for your artifacts and jobs, such as `train`, `val`, or `test` for data. By clicking ""explode"" on the compute graph, you can see all the versions for each artifact or all the runs of each script by job type. Additionally, you can click on individual nodes to see further details such as file contents or code, annotations/metadata, config, timestamp, parent/child nodes, etc. This allows you to iterate confidently as all your experimental script runs and data will be saved and versioned automatically. You can then share and replicate your workflow easily with colleagues, enabling them to rerun the same workflow and pull from identical datasets.

[Learn more about visualizing and exploring your data workflow in the Weights & Biases documentation](https://wandb.ai/wandb/arttest/artifacts/model/iv3\_trained/5334ab69740f9dda4fed/graph)"
"
The user is developing a machine learning model and is interested in managing different versions of their model. They want to understand the concept of Model Artifacts and Registered Models in W&B and their relationship to Model Versions.
","
I'm training multiple versions of my model and I want to know how to manage them in W&B. Can you explain the difference between Model Artifacts and Registered Models?
","
Model Artifacts and Registered Models are both used for managing different versions of your models in W&B.

A Model Artifact is a sequence of Model Versions. Each individual model being trained corresponds to its own Model Artifact, and each checkpoint corresponds to its own Model Version of the respective Model Artifact. This allows you to save and track different versions of your models as you train them.

A Registered Model, on the other hand, is a set of links to Model Versions. It acts more like a folder of ""bookmarks"", where each ""version"" of a Registered Model is actually a link to a Model Version belonging to a Model Artifact of the same type. A Model Version can be linked to any number of Registered Models. Typically, you would create a Registered Model for each use case or modeling task and use aliases like ""production"" or ""staging"" to denote versions with special purposes.

By separating Artifacts and Registered Models, you can produce a large number of Artifacts and periodically link your high-performing versions to a curated Registered Model. This allows for better organization and management of your model versions.

For more information, you can refer to the [document fragment](https://wandb.ai/timssweeney/model_management_docs_official_v0/artifacts/model/MNIST%20Grayscale%2028x28) that explains this concept in detail."
"A user is training multiple machine learning models using different scripts, parameters, architectures, and preprocessing logic. They are looking for a way to manage and keep track of all the different model versions generated during the training process.
","How can I manage and organize the different versions of my machine learning models produced during training in Weights & Biases?
","In Weights & Biases, you can use the concept of ""Model Artifacts"" and ""Registered Models"" to manage and organize the different versions of your machine learning models. A ""Model Artifact"" represents a sequence of Model Versions, where each version corresponds to a specific model checkpoint. You can think of Model Artifacts as ""draft models"" that are continually produced during training. On the other hand, a ""Registered Model"" acts like a folder of ""bookmarks"" that links to Model Versions. You can create a Registered Model for each of your use cases or modeling tasks and use aliases like ""production"" or ""staging"" to denote versions with special purposes. This way, you can easily keep track of your different model versions and access them for further analysis or deployment."
"The user is working on a machine learning project and is using W&B to track their experiments. They have multiple runs that produce different model versions, and they want to understand the concept of Model Artifacts and Registered Models in W&B.
","How does W&B handle different versions of a model and what are Model Artifacts and Registered Models?
","
In W&B, a **Model Artifact** is a sequence of Model Versions. Each model being trained in a run corresponds to its own Model Artifact, and each checkpoint of the model corresponds to its own Model Version. Model Artifacts can be aliased to specific versions for downstream consumers to pin to. On the other hand, a **Registered Model** is a set of links to Model Versions. It acts like a folder of ""bookmarks"" where each ""version"" is a link to a Model Version belonging to a Model Artifact. Registered Models are typically used to create aliases for different versions of the model, such as ""production"" or ""staging"". Artifacts and Registered Models allow you to produce multiple draft models and link the high-performing versions to a curated Registered Model."
"The user is developing a machine learning model and has been using W&B to track their experiments. They are now at the stage where they have multiple versions of their model, saved as checkpoints, and they want to understand the concept of Model Artifacts and Registered Models in W&B.
","How are Model Artifacts and Registered Models different in Weights & Biases?
","Model Artifacts and Registered Models in Weights & Biases serve different purposes. Model Artifacts are sequences of Model Versions and are typically used to store different versions of a model during training, such as checkpoints. On the other hand, Registered Models act like folders of ""bookmarks"" and are sets of links to Model Versions. Registered Models are often used to organize and access different versions of a model for various use cases or modeling tasks. Each Model Version, which belongs to a Model Artifact, can be linked to any number of Registered Models. So, while Model Artifacts help store and track multiple versions of a model during training, Registered Models provide a curated way to access and manage different versions of a model for specific purposes."
"The user is training a machine learning model and wants to manage and keep track of different versions of the model. They are interested in understanding the concept of Model Artifacts and Registered Models in Weights & Biases (W&B) and how they can be used.
","How can I manage and organize different versions of my machine learning model in W&B?
","In W&B, you can manage different versions of your machine learning model using Model Artifacts and Registered Models. A Model Artifact is a sequence of Model Versions and can be thought of as a container for different versions of your model. Each individual model being trained by a W&B Run corresponds to its own Model Artifact, and each checkpoint corresponds to its own Model Version of the respective Model Artifact. On the other hand, a Registered Model is a set of links to Model Versions. It acts like a folder of ""bookmarks"" and each ""version"" of a Registered Model is actually a link to a Model Version belonging to a Model Artifact of the same type. You can link your high performing versions to a curated Registered Model using aliases, marking each version at a specific stage. This allows you to produce a massive number of Artifacts and periodically link your best performing versions to a Registered Model for easy access."
"The user is trying to create a custom composite histogram panel using W&B and wants to know how to modify the query to load the correct data from their wandb logs.
","How do I modify the query in W&B to load the correct data from my wandb logs for a custom composite histogram panel?
","In order to modify the query and load the correct data from your wandb logs for a custom composite histogram panel, you need to follow these steps:

1. Create a new Custom Chart panel in your Workspace or Report.
2. Hit the ""Edit"" button in the top right to modify the Vega spec.
3. Replace the built-in Vega spec with the provided MVP code for a composite histogram in Vega, which you can find [here](https://gist.github.com/staceysv/9bed36a2c0c2a427365991403611ce21).
4. Modify the query on the right hand side to load the correct data. Add the field ""summaryTable"" and set the corresponding ""tableKey"" to ""class_scores"" to fetch the wandb.Table logged by your run.
5. You can populate the two histogram bin sets (""red_bins"" and ""blue_bins"") via the dropdown menus with the columns of the wandb.Table logged as ""class_scores"".

Feel free to make changes to the Vega spec and query until you're satisfied with the plot. Once you're done, click ""Save as"" and give your custom plot a name for future reuse. Finally, click ""Apply from panel library"" to finish your plot.

NOTE: The provided documentation does not explicitly cover modifying the query, but it does mention adding the ""summaryTable"" field and setting the ""tableKey"" to fetch the wandb.Table. This implies that modifying the query can be done through the visualization panel in W&B."
"The user is working on a custom chart in W&B and wants to modify the Vega spec to create a composite histogram. They have already followed the steps in the documentation to create the initial version of the chart.
","How can I change the color scheme and add a third histogram to my composite histogram plot in W&B?
","To change the color scheme and add a third histogram to your composite histogram plot in W&B, you can modify the Vega spec. Open the custom chart panel in your workspace or report and click on the ""Edit"" button in the top right. In the Vega spec, you can change the colors by modifying the color codes specified in the spec. To add a third histogram, you need to make changes to the Vega spec in the ""MVP code for a composite histogram in Vega"". You can refer to the [Vega syntax](https://vega.github.io/) documentation for details on how to modify the spec. Once you're satisfied with your changes, save your custom plot and apply it from the panel library."
"The user is trying to create a custom composite histogram panel in their W&B Workspace or Report. They have found a recommendable Vega spec code for the composite histogram in the documentation and want to modify it according to their needs. However, they are unsure how to modify the query to load the correct data from their wandb logs.
","How can I modify the query in the Vega spec to load the correct data from my wandb logs for the custom composite histogram panel?
","You can modify the query in the Vega spec to load the correct data from your wandb logs for the custom composite histogram panel by adding the field ""summaryTable"" and setting the corresponding ""tableKey"" to ""class_scores"". This will fetch the wandb.Table logged by your run. For example, if you want to use the ""animal"" class prediction scores for the red bins and ""plant"" for the blue bins, you can set the field ""summaryTable"" in the query to ""class_scores""."
"A user is interested in customizing the composite histogram panel in their WandB Workspace or Report. They want to modify the appearance of the histogram and load specific data from their WandB logs.
","How can I customize the appearance of the composite histogram panel in WandB and load my own data?
","To customize the composite histogram panel in WandB and load your own data, you can follow these steps:

1. Create a new Custom Chart panel in your Workspace or Report by adding a ""Custom Chart"" visualization.
2. Click on the ""Edit"" button in the top right corner to modify the Vega spec of the panel.
3. Replace the built-in Vega spec with the MVP code for a composite histogram in Vega, which you can find [here](https://gist.github.com/staceysv/9bed36a2c0c2a427365991403611ce21). You can modify the main title, axis titles, input domain, and other details in the Vega spec using Vega syntax.
4. Modify the query on the right-hand side to load the correct data from your WandB logs. Add the field ""summaryTable"" and set the corresponding ""tableKey"" to ""class_scores"" to fetch the wandb.Table logged by your run. This will let you populate the two histogram bin sets (""red_bins"" and ""blue_bins"") via dropdown menus with the columns of the wandb.Table logged as ""class_scores"".
5. Make any other desired changes to the Vega spec and query until you are satisfied with the plot in the preview rendering.
6. Click ""Save as"" and give your custom plot a name. You can then reuse it by clicking ""Apply from panel library"".

"
"
A user wants to create a custom composite histogram panel in their W&B report. They have already added the ""Custom Chart"" visualization and are looking to modify the Vega spec to include their own data and customize the appearance of the histogram.
","
How can I create a custom composite histogram panel in my W&B report?
","
To create a custom composite histogram panel in your W&B report, follow these steps:

1. Create a new Custom Chart panel in your Workspace or Report by adding a ""Custom Chart"" visualization.
2. Click on the ""Edit"" button in the top right corner to modify the Vega spec.
3. Replace the built-in Vega specification with your own code for a composite histogram. You can refer to the [MVP code for a composite histogram in Vega](https://gist.github.com/staceysv/9bed36a2c0c2a427365991403611ce21) and customize it according to your requirements. You can modify the main title, axis titles, input domain, and other details using Vega syntax.
4. Modify the query on the right-hand side to load the relevant data from your W&B logs. Add the field ""summaryTable"" and set the corresponding ""tableKey"" to fetch the wandb.Table logged by your run. This will allow you to populate the histogram bin sets with the columns of the wandb.Table.
5. Make any additional changes to the Vega spec and query until you are satisfied with the plot preview.
6. Click on ""Save as"" to give your custom plot a name for future reuse.
7. Finally, click on ""Apply from panel library"" to finish creating your custom composite histogram panel.

You can refer to the [W&B documentation](https://docs.wandb.com/library/panel) for more information and examples on creating custom charts and modifying Vega specs in your W&B reports."
"A user is working on a collaborative project with their team using Weights & Biases. They have created a report and want to understand how to share it with their team members to gather feedback and collaborate on the report.
","How can I share my Weights & Biases report with my team members for collaboration and feedback?
","To share your Weights & Biases report with your team members, you can follow these steps:
1. Open your report in your Weights & Biases project.
2. Click on the ""Share"" button located at the upper right-hand corner of the report.
3. In the sharing modal, you have two options:
   - Provide the email accounts of your team members to invite them directly to view the report. They will need to log into Weights & Biases to access the report.
   - Copy the magic link and share it with your team members. The magic link allows them to view the report without logging into Weights & Biases.
Please note that shared reports are view-only, and only the administrator or the member who created the report can change the permission settings for other team members."
"A user has been working on a project and has created a report using W&B. They want to collaborate with their team members on the report and share their changes.
","How can I collaborate with my team members on a report in W&B?
","To collaborate with your team members on a report in W&B, you can use the Share button. By clicking on the Share button, you can provide an email account or copy the magic link to invite team members to view the report. Once invited, team members can access and view the report. However, please note that shared reports are view-only and only the administrator or member who created the report can toggle permissions between edit or view access for other team members."
"A user has created a report using W&B and now wants to collaborate with their peers and teammates. They want to know how to share the report and add comments to specific panels within the report.
","How can I collaborate with my peers on a W&B report? Can I add comments to specific panels within the report?
","
To collaborate with your peers on a W&B report, you can use the share feature. Once you have saved your report, you can select the **Share** button on the upper right-hand corner. This will allow you to collaborate with others by providing an email account or copying a magic link. If you invite users by email, they will need to log into Weights & Biases to view the report. However, if you provide them with a magic link, they won't need to log in. It's important to note that shared reports are view-only, so your peers will be able to see the report but won't be able to edit it directly.

To add comments to specific panels within the report, you need to click the comment button on the panel you want to comment on. This will allow you to add a comment directly to that panel, making collaboration and feedback easier.

I hope this helps! Let me know if you have any further questions."
"A user is working on a collaborative project and wants to know how to share and collaborate on W&B reports with their team members.
","How can I share my W&B report with my team members for collaboration?
","To share your W&B report with your team members for collaboration, you can follow these steps:
1. Open your report in your individual's private project.
2. Click on the ""Share"" button located in the upper right-hand corner of the interface.
3. In the sharing modal, you have two options to share your report with team members. You can either provide their email accounts or copy the magic link.
4. If you provide an email account, your team members will receive an invitation to log into Weights & Biases and view the report.
5. If you copy the magic link, your team members will be able to view the report without logging into Weights & Biases.
6. Once shared, the report will be view-only for the team members.

Please note that the administrator or the member who created the report in a team project can toggle permissions between edit or view access for other team members."
"A user has created a report in their private project and wants to collaborate on it with their team members. They are trying to understand how to share the report and give edit or view access to other team members.
","How can I share a report with my team members in Weights & Biases?
","To share a report with your team members in Weights & Biases, you can follow these steps:
1. Open the report you want to share.
2. Click on the Share button located in the upper right-hand corner.
3. In the Share modal, you have two options:
   a. Provide an email account: Enter the email address of the team member you want to invite. They will receive an email invitation and will need to log into Weights & Biases to view the report.
   b. Copy the magic link: This link can be shared with your team members. They can access the report directly without logging into Weights & Biases.

Note that shared reports are view-only by default. If you want to give edit access to your team members, the project administrator or the member who created the report can toggle permissions between edit or view access for other team members."
"A user is trying to understand how to add tags to their runs in Weights & Biases. They want to know if it is possible to add tags after the runs have been logged.
","How can I add tags to my runs in Weights & Biases after they have been logged?
","You can add tags to your runs in Weights & Biases even after they have been logged. One way to do this is by using the Public API. After a run is created, you can update the tags using the public API. Here is an example:

```python
run = wandb.Api().run(""{entity}/{project}/{run-id}""})
run.tags.append(""tag1"")  # you can choose tags based on run data here
run.update()
```

You can find more information on how to use the Public API in the [reference documentation](../../../ref/README.md) or the [guide](../../../guides/track/public-api-guide.md)."
"A user is trying to understand how to add tags to their W&B runs.
","How can I add tags to a W&B run after the run has been logged?
","To add tags to a W&B run after it has been logged, you have several options. If you want to update tags programmatically using the public API, you can use the following code:
```python
run = wandb.Api().run(""{entity}/{project}/{run-id}"")
run.tags.append(""tag1"")  # you can choose tags based on run data here
run.update()
```
Alternatively, if you prefer a visual approach, you can tag multiple runs at once using the Project Page. In the runs sidebar, click the table icon to expand into the full runs table. Then, hover over a run to see a checkbox on the left or look in the header row for a checkbox to select all runs. Finally, click the Tag button above the rows of runs, type the tag you'd like to add, and click ""Add"" to apply the tag to the selected runs.

"
"
A user is working with Weights & Biases (W&B) and wants to know how to add tags to a run after it has been logged to W&B. They are interested in adding tags to runs based on certain criteria or conditions.
","
Is it possible to add tags to a run after it has been logged to Weights & Biases? I would like to add tags to runs based on specific metrics values.
","
Yes, it is possible to add tags to a run after it has been logged to Weights & Biases. You can update the tags of a run using the Public API or the Project Page. 

If you want to update tags using the Public API, you can follow these steps:

```python
run = wandb.Api().run(""{entity}/{project}/{run-id}""})
run.tags.append(""tag1"")  # you can choose tags based on run data here
run.update()
```
You can find more details on how to use the Public API in the [reference documentation](../../../ref/README.md) or [guide](../../../guides/track/public-api-guide.md).

If you prefer to update tags using the Project Page, you can do the following:
- Go to the [Project Page](../pages/project-page.md) and navigate to the [runs sidebar](../pages/project-page.md#search-for-runs).
- Click the table icon in the upper-right to expand the sidebar into the [runs table](runs-table.md).
- Hover over a run in the table to see a checkbox on the left or look in the header row for a checkbox that will allow you to select all runs.
- Click the checkbox to enable bulk actions and select the runs to which you'd like to apply your tag(s).
- Click the Tag button above the rows of runs.
- Type the tag you'd like to add and click ""Add"" below the text box to add a new tag.

This way, you can add tags to runs based on specific metrics values or any other criteria you choose."
"
A user is interested in adding tags to their W&B runs. They want to know if there is a way to add tags to a run after it has been logged to Weights & Biases.
","
Is it possible to add tags to a run after it has been logged to W&B?
","
Yes, you can add tags to a run after it has been logged to Weights & Biases. There are several ways to do this. One way is to use the Public API. After a run is created, you can update the tags using the public API like this:

```python
run = wandb.Api().run(""{entity}/{project}/{run-id}"")
run.tags.append(""tag1"")
run.update()
```

You can also add tags from the Project Page. In the runs sidebar of the Project Page, click the table icon in the upper-right to expand the sidebar into the full runs table. Hover over a run to see a checkbox on the left, or look in the header row for a checkbox that allows you to select all runs. Once you have selected the runs, click the Tag button above the rows of runs, type the tag you want to add, and click ""Add"" below the text box. This will add the tag to the selected runs."
"As a W&B user, I want to know how to add tags to a run and update them during training based on certain conditions.
","How can I add tags to a run in W&B and update them during training if a specific metric crosses a threshold?
","
You can add tags to a run in W&B by using the `wandb.init()` function with the `tags` parameter. You can also update the tags of a run during training by accessing the `run.tags` attribute and modifying it. Here's an example code snippet:

```python
run = wandb.init(tags=[""tag1"", ""tag2""])

...

if current_loss < threshold:
    run.tags.append(""release_candidate"")
```

You can also add tags to runs after they have been logged to W&B using either the public API or the Project Page. To update tags using the public API, you can use the following code:

```python
run = wandb.Api().run(""{entity}/{project}/{run-id}"")
run.tags.append(""tag1"")
run.update()
```

For more information on how to use the Public API and the Project Page to add tags, please refer to the documentation links provided in the fragment above."
"The user is working on a project using PyTorch Lightning for training a deep learning model. They want to keep track of the callbacks during the training process using Weights & Biases.
","How can I log the callbacks during training in PyTorch Lightning using Weights & Biases?
","To log the callbacks during training in PyTorch Lightning using Weights & Biases, you can initialize a W&B run and use the `wandb_logger` as the logger for the Lightning Trainer. Here's an example:

```python
import pytorch_lightning as pl
from pytorch_lightning.loggers import WandbLogger

# Set up the W&B logger
wandb_logger = Wandblogger()

# Create your Lightning module and trainer
model = MyLightningModule()
trainer = pl.Trainer(logger=wandb_logger)

# Train the model
trainer.fit(model)
```

By setting `logger=wandb_logger`, the W&B logger will be used to log the training progress and any specified callbacks. You can track metrics, hyperparameters, and visualize your model's performance in the W&B dashboard."
"The user is working on a project using Weights & Biases to track their experiments and artifacts. They have successfully logged their training runs and now want to log any callbacks that occur during training using the PyTorch Lightning framework. They are looking for guidance on how to achieve this.
","How can I log callbacks in a PyTorch Lightning training using Weights & Biases?
","Unfortunately, the given document fragment does not provide specific guidance on how to log callbacks in PyTorch Lightning training using Weights & Biases. However, you can refer to the Weights & Biases documentation for PyTorch Lightning integration to find more information and examples on how to customize logging and hook into the training loop with callbacks. This can help you achieve your goal of logging callbacks during training."
"The user is working with PyTorch Lightning and wants to log callbacks during training. They are looking for a way to integrate Weights & Biases to accomplish this task.
","How can I log callbacks in PyTorch Lightning training using Weights & Biases?
","Weights & Biases provides seamless integration with PyTorch Lightning. To log callbacks during training, you can use the `wandb` library. Here is an example of how you can do it:

```python
import pytorch_lightning as pl
import wandb

class MyModel(pl.LightningModule):
    def training_step(self, batch, batch_idx):
        # Your training logic here
        
        # Log metrics
        acc = ...
        loss = ...
        wandb.log({""accuracy"": acc, ""loss"": loss})
        
        return loss

    def configure_optimizers(self):
        # Configure your optimizer here
        ...

    # Other methods here

# Create a W&B logger
wandb.init()

# Initialize your PyTorch Lightning trainer with the W&B logger
trainer = pl.Trainer(logger=wandb.Logger())

# Train your model
trainer.fit(MyModel())
```

By calling `wandb.log()` inside the `training_step()` method, you can log any metrics or values you want to track during training. These metrics will be stored in your Weights & Biases runs and can be visualized and analyzed later."
"The user is using Weights & Biases to track their machine learning experiments and is trying to log an artifact in the Pytorch Lightning training loop. They want to know how to log the callback information.
","How can I log callbacks in a Pytorch Lightning training?
","To log callbacks in a Pytorch Lightning training with Weights & Biases, you can use the `wandb.log` method within the callback functions. Here's an example:

```python
import wandb
import pytorch_lightning as pl

class CustomCallback(pl.Callback):
    def on_train_start(self, trainer, pl_module):
        wandb.log({""Training Started"": True})
    
    def on_batch_end(self, trainer, pl_module):
        wandb.log({""Batch Loss"": trainer.batch_loss})

# Initialize W&B and the callback
wandb.init()
callback = CustomCallback()

# Pass the callback to the Trainer
trainer = pl.Trainer(callbacks=[callback])
trainer.fit(model)
```

By using the `wandb.log` method within your custom callback functions, you can log custom metrics and information to your Weights & Biases run. Make sure to initialize W&B before training and pass the callback instance to the `Trainer`'s `callbacks` argument."
"The user is trying to log callbacks in their PyTorch Lightning training using Weights & Biases. They want to track the progress of their model during training and evaluate its performance.
","How can I log callbacks in a PyTorch Lightning training using Weights & Biases?
","To log callbacks in a PyTorch Lightning training using Weights & Biases, you can use the wandb.init() function to initialize your run and then log the callbacks using the wandb.log() function. Here is an example:

```python
import wandb
import pytorch_lightning as pl

# Initialize W&B
wandb.init()

# Create your LightningModule and Trainer instances
model = MyLightningModel()
trainer = pl.Trainer(callbacks=[MyCallback()])

# Train your model
trainer.fit(model)

# Log callbacks
wandb.log({""callbacks"": trainer.callbacks})
```

By logging the `callbacks` dictionary using the wandb.log() function, you will be able to track the progress of your model during training and evaluate its performance."
"The user is a member of a Weights & Biases team and they want to understand the different permissions and capabilities that come with being a Team Admin.
","As a Team Admin on Weights & Biases, what actions can I perform in terms of managing team members and settings?
","

According to the W&B documentation, as a Team Admin, you have the ability to add and remove team members, as well as manage team settings. You can add team members to your team and remove them as needed. In addition, you have the privilege to manage the settings for your team, such as updating team information, changing team name, and configuring other team-related settings. These capabilities allow you to effectively oversee and organize your team within Weights & Biases."
"
The user is a team admin in Weights & Biases. They want to manage team settings and understand the different permissions available to team members.
","
How can I manage team settings in Weights & Biases? What are the different permissions for team members?
","

To manage team settings in Weights & Biases, as a team admin, you have the privilege to oversee and organize your team. Here are the different permissions for team members:

| Permissions          | View-Only | Team Member                                     | Team Admin | 
| -------------------- | --------- | ----------------------------------------------- | ---------- |
| Add team members     |           |                                                 | X          |
| Remove team members  |           |                                                 | X          |
| Manage team settings |           |                                                 | X          |

As a team admin, you have the ability to add or remove team members and manage the team settings. With these privileges, you can effectively organize your team within Weights & Biases."
"A team admin who is managing a team and its members in Weights & Biases is looking for information regarding the permissions and settings available for their team.
","How can I manage the settings for my team and its members in Weights & Biases?
","
To manage the settings for your team and its members in Weights & Biases, you can utilize the ""Team Settings"" feature. As a team admin, you have the privilege to add and remove team members, as well as manage team settings. This allows you to effectively oversee and organize your team within the platform. You can find more information about team settings and privileges in the documentation fragment provided above."
"The user is a team admin in Weights & Biases and wants to understand the permissions available for managing team settings.
","How can I manage team settings in Weights & Biases?
","

To manage team settings in Weights & Biases, you need to have the Team Admin permission. With this permission, you can effectively oversee and organize your team. The team admin has the following privileges:
- Add team members: Team admins can add new members to the team.
- Remove team members: Team admins can remove members from the team.
- Manage team settings: Team admins can manage various settings related to the team.

To manage team settings, go to the Team Settings section in the Weights & Biases interface. There, you will find options to add and remove team members, as well as other management settings.

You can refer to the following documentation for more information: [Team Settings](https://docs.wandb.ai/guides/teams/team-settings)

Please let me know if you need any further assistance!"
"
The user is a team admin in Weights & Biases and wants to understand the permissions for managing the team settings.
","
What are the permissions for managing the team settings in Weights & Biases?
","
To manage the team settings in Weights & Biases, you need to be a team admin. Team admins have the following permissions:
- Add team members
- Remove team members
- Manage team settings"
"A user is running a sweep with W&B and wants to understand how to define the search space for the sweep. They have a code snippet that shows a sweep configuration using random search and wants to know what other methods are available for defining the search space.
","What are the different methods available for defining the search space in a W&B sweep?
","W&B provides multiple methods for defining the search space in a sweep. In addition to random search, you can use grid search, bayesian optimization, and hyperband. These methods allow you to explore different combinations of hyperparameter values to find the best configuration for your model. You can specify the method in the `sweep_configuration` dictionary as shown in the code snippet."
"The user is running an optimization process using W&B and is encountering an error related to logging the parameters.
","Why am I getting an AttributeError when I try to log the parameters in W&B?
","The AttributeError is likely caused by an issue with the logging of parameters in W&B. To resolve this issue, you can try the following steps:
- Make sure you have initialized W&B with the project parameter using the `wandb.init(project='your-project-name')` function.
- Check that the parameter logging hook is properly set up. This can be done using the `wandb.watch()` function, which wraps the policy module:
```python
wandb.watch(policy)
```
- Verify that the parameter log hook is called correctly. This can be done by inspecting the function `parameter_log_hook` in the `wandb_torch.py` file.

By following these steps, you should be able to resolve the AttributeError related to logging parameters in W&B."
The user is running a hyperparameter sweep using Weights & Biases (W&B). They have defined a search space and are initializing the sweep.,How can I initialize a hyperparameter sweep in W&B?,"To initialize a hyperparameter sweep in W&B, you can use the `wandb.sweep` function. This function takes a sweep configuration as an argument. Here's an example of how to initialize a sweep:

```python
sweep_id = wandb.sweep(sweep=sweep_configuration, project='my-first-sweep')
```

For more information about initializing sweeps, you can refer to the [Initialize sweeps](https://docs.wandb.ai/guides/sweeps/initialize-sweeps) documentation."
"The user is using the W&B library for hyperparameter tuning using sweeps. They have defined a sweep configuration that includes a random search method and a metric to maximize. However, they are unsure how to initialize and start the sweep.
","How can I initialize and start a sweep in W&B?
","To initialize and start a sweep in W&B, you can follow these steps:

1. Define the search space with a sweep configuration: You need to specify the hyperparameters you want to sweep over and the search method you want to use. For example, you can use a random search method with a specified range of values for each hyperparameter.

2. Initialize the Sweep: Use the `wandb.sweep()` function to initialize the sweep. This function takes the sweep configuration and the name of the project as input and returns a sweep identification number.

3. Start the Sweep: Once the sweep is initialized, you can start it by using the `wandb.agent()` function. This function takes the sweep ID and the objective or training function as input. The objective or training function should take a config argument, which represents the hyperparameter configuration for each run of the sweep.

Here's an example of how you can initialize and start a sweep:

```python
# 1: Define the search space
sweep_configuration = {
    'method': 'random',
    'metric': {'goal': 'maximize', 'name': 'val_acc'},
    'parameters': 
    {
        'param1': {'max': 0.1, 'min': 0.01},
        'param2': {'values': [1, 3, 7]},
     }
}

# 2: Initialize the Sweep
sweep_id = wandb.sweep(sweep=sweep_configuration, project='my-first-sweep')

# 3: Start the Sweep
wandb.agent(sweep_id, function=objective)
```

Make sure to replace `'param1'` and `'param2'` with the actual names of your hyperparameters, and `'val_acc'` with the name of the metric you want to maximize.

For more information on initializing and starting sweeps, you can refer to the [Initialize sweeps](https://docs.wandb.ai/guides/sweeps/initialize-sweeps) documentation."
"
The user is having trouble running their code while using Weights & Biases (W&B). They are experiencing an error related to logging parameters with W&B.
","
I am running a loop in my code that performs rollouts of the environment and I want to log the parameters using W&B. However, I am getting an error that says `'NoneType' object has no attribute '_log'`. What could be causing this error?
","
The error `'NoneType' object has no attribute '_log'` indicates that there is an issue with the logging of parameters using W&B. One possibility is that the W&B run is not properly initialized before logging the parameters. Make sure that you have called `wandb.init()` to initialize the W&B run before logging any parameters. Additionally, make sure that you have specified the correct project name when initializing W&B, as the project name needs to match the project specified when initializing the sweep."
"The user is training a convolutional neural network (CNN) for image classification using PyTorch and W&B. They have defined their CNN model and are now working on the training loop.
","How can I log the gradients, weights, and topology of my CNN model using W&B?
","You can use the `wandb.watch()` function provided by W&B to automatically log the gradients, weights, and topology of your CNN model. Just pass your model as an argument to `wandb.watch()` and set the `log` parameter to `""all""`. This will enable W&B to track and log the desired information. Additionally, setting the `log_graph` parameter to `True` will log the computation graph of your model."
"The user is training a FashionCNN model using W&B for logging and visualization. They want to know if it's possible to log the gradients, weights, and topology of the network to W&B.
","Can I log the gradients, weights, and topology of my network to W&B?
","Yes, you can log the gradients, weights, and topology of your network to W&B using the `wandb.watch()` function. By passing your network to `wandb.watch()`, you can automatically log these details to your W&B run. You can also set the `log` parameter to ""all"" to log additional information such as the shape and type of layers in your network."
"The user is training a convolutional neural network for image classification using Pytorch and W&B. They want to log the gradients, weights, topology, and more during training to track the model's performance and make improvements.
","How can I log gradients, weights, and topology of my CNN model during training using W&B?
","You can log gradients, weights, and topology of your model during training using W&B by using the `wandb.watch()` function. This function automatically logs various aspects of your model to W&B, such as gradients, weights, and topology. You can pass your model to `wandb.watch()` and specify what to log by setting the `log` parameter. For example, you can set `log=""all""` to log all aspects, or you can set `log=""gradients""` to only log gradients. Additionally, you can set `log_graph=True` to log the model's computation graph."
"The user is working on training a convolutional neural network (CNN) for fashion classification using PyTorch and the FashionMNIST dataset. They are using Weights & Biases (W&B) to track and visualize their training progress.
","How can I log the model's gradients and weights during training using W&B?
","
You can use the `wandb.watch()` function to automatically log the gradients, weights, topology, and more of your network. Make sure to call this function before the forward pass of your model. Here's an example of how to use it:

```python
wandb.watch(model, log=""all"", log_graph=True)
```

This function will enable W&B to track and log the gradients and weights of your model as you train it. You can also set the `log` parameter to specify what you want to log (e.g., `""gradients""`, `""parameters""`, `""all""`). Additionally, by setting `log_graph=True`, W&B will log the model's computational graph, allowing you to visualize the network architecture."
"The user is working on training a convolutional neural network for image classification using PyTorch and W&B. They have defined their model architecture, data loader, loss function, optimizer, and are ready to train their model. The user wants to know how they can log gradients, weights, and topology information of their model to W&B.
","How can I log gradients, weights, and topology information of my model to W&B while training?
","Yes, you can log gradients, weights, and topology information of your model to W&B during training. To do this, you need to use the `wandb.watch()` function and pass your model as an argument. This function will automatically log gradients, weights, and topology of your model to W&B. You can specify the level of logging by setting the `log` parameter. For example, `log=""all""` will log all the information. Additionally, you can set `log_graph=True` to log the computational graph of your model. Here's an example of how to use it:

```python
# We can pass our network to wandb.watch and automatically log gradients,
# weights, topology, and more...
wandb.watch(model, log=""all"", log_graph=True)
```

By calling `wandb.watch(model)`, you will be able to visualize the gradients, weights, and topology of your model in your W&B dashboard."
"The user is using W&B to track the training progress of their machine learning model. They have successfully logged data tables and visualized them in the W&B workspace. Now they want to compare and evaluate the results across different model versions using the logged tables.
","How can I compare the results of different model versions using the logged tables in W&B?
","To compare the results of different model versions using the logged tables in W&B, you can follow these steps:

1. Navigate to the W&B App and select the name of your Run in your Project workspace.
2. A new panel will be added for each unique table key. Find the table you want to compare in the panel.
3. Log sample tables from multiple W&B Runs and compare the results in the project workspace.
4. You can use the table filter, sort, and grouping features to explore and evaluate model results.

![](/images/data_vis/wandb_demo_toggle_on_and_off_cross_run_comparisons_in_tables.gif)

Please note that in the [example workspace](https://wandb.ai/carey/table-test?workspace=user-carey), they show how to combine rows from multiple different versions in the same table. This can help you compare the results across different model versions more effectively."
"The user is trying to log a table using the W&B library and is having trouble understanding how to do it.
","I'm trying to log a table using W&B, but I'm not sure how to do it. Can you guide me through the process?
","Sure! To log a table using W&B, you need to follow these steps:
1. Initialize a W&B Run using `wandb.init()`.
2. Create a `wandb.Table` object instance. Provide the column names and the data for the columns.
3. Log the table using `run.log()` by providing a key-value pair. Pass the name of the table as the key, and the `wandb.Table` object instance as the value. 

Here's an example of how you can log a table in Python:

```python
run = wandb.init(project=""your-project-name"")
my_table = wandb.Table(columns=[""column1"", ""column2""], data=[[""data1"", ""data2""], [""data3"", ""data4""]])
run.log({""Table Name"": my_table})
```

You can also use a Pandas DataFrame instead of manually providing the column names and data. For more information, you can refer to the [wandb.Table](../../ref/python/data-types/table.md) documentation in the W&B API Reference Guide."
"The user is working on a machine learning project and wants to track and visualize their data tables using Weights & Biases (W&B). They have already logged a table and want to know how to view it in their workspace and compare it with other tables.
","How can I view the tables that I have logged in my W&B workspace and compare them with other tables?
","To view the tables you have logged in your W&B workspace and compare them with other tables, follow these steps:
1. Navigate to the W&B App and select the name of your Run in your Project workspace.
2. A new panel will be added for each unique table key that you have logged.
3. In the new panel, you can view and analyze the table data.
4. To compare tables from different runs, log sample tables from multiple W&B Runs and go to your project workspace.
5. Use the table filter, sort, and grouping features in the project workspace to explore and evaluate model results."
"The user is working on a machine learning project using PyTorch and W&B. They have successfully logged a table using W&B and now want to visualize the table in their workspace to explore and evaluate the data.
","How can I visualize a table logged with W&B in my workspace?
","To visualize a table logged with W&B in your workspace, you can follow these steps:

1. Navigate to the W&B App.
2. Select the name of your Run in your Project workspace.
3. A new panel will be added for each unique table key.
4. Find the panel corresponding to your logged table.
5. You will be able to view and interact with the table, exploring and evaluating the data.

Please note that the table will be displayed under the key you provided when logging the table using the `run.log()` method.

"
"A user is trying to log a data table with W&B and visualize it in their workspace. They are following the Quickstart guide but have encountered an issue.
","I followed the steps in the Quickstart guide to log a table using W&B, but I can't seem to visualize it in my workspace. What am I doing wrong?
","To visualize a table in your W&B workspace, follow these steps:
1. Navigate to the W&B App and select the name of your Run in your Project workspace.
2. A new panel is added for each unique table key.
3. In the panel, you should be able to view the table under the key you provided during logging.

If you're still unable to visualize the table, make sure you have logged it correctly using `run.log()` with a key-value pair where the key is the name of your table and the value is the object instance of `wandb.Table`.

If you have correctly logged the table and are still encountering issues, please provide more details about the problem you are facing so that we can assist you further."
